1	0	1/4
5	4	1/65536
7	6	1/1310720
9	8	1125/30064771072
9	0	1/1073741824
11	10	227/120259084288
11	2	1/21474836480
13	12	454541/4644337115725824
13	4	1125/492581209243648
13	0	1/429496729600
15	14	208917/40250921669623808
15	6	227/1970324836974592
15	2	225/1970324836974592
17	16	25880735367/92325954088916305838080
17	8	454541/76092819304051900416
17	4	227/39406496739491840
17	0	1265625/225972614902942007296
19	18	125277175/8153460880579621814272
19	10	208917/659471100635116470272
19	6	454541/1521856386081038008320
19	2	255375/903890459611768029184
21	20	166443607629/195241519867762611715047424
21	12	25880735367/1512668431792804754851102720
21	8	208917/13189422012702329405440
21	4	170452875/11635911013790805806546944
21	0	51529/3615561838447072116736
23	22	261219438545/5466762556297353128021327872
23	14	125277175/133586303067416523805032448
23	10	25880735367/30253368635856095097022054400
23	6	235031625/302533686358560950970220544
23	2	103180807/139630932165489669678563328
25	24	61215545321183383/22660561743761085913323863271276544
25	16	166443607629/3198837061513422630339336994816
25	12	25055435/534345212269666095220129792
25	8	5823165457575/138787933684362553379490615001088
25	4	47424159/1210134745434243803880882176
25	0	206607520681/5392466811127116477460585119744
27	26	2929733987165577/19042488860303433540608288463257600
27	18	261219438545/89567437722375833649501435854848
27	14	166443607629/63976741230268452606786739896320
27	10	140936821875/61282983704783465128606245584896
27	6	5874926928309/2775758673687251067589812300021760
27	2	31653780699/15578237454367225379330579234816
29	28	15006736808343995/1701775295384789755250870171901886464
29	20	61215545321183383/371270643609781631603898175836594896896
29	16	52243887709/358269750889503334598005743419392
29	12	187249058582625/1467472899643405658513431525045829632
29	8	28437918725/245131934819133860514424982339584
29	4	3921285111483849/35732737943329366886093309425651548160
29	0	43646312889/405034173813547859862595060105216
31	30	138616445294387951/272731882865614989723099982812697067520
31	22	2929733987165577/311992137487211455129326198182012518400
31	18	61215545321183383/7425412872195632632077963516731897937920
31	14	293871868363125/41089241190015358438376082701283229696
31	10	37782698931783/5869891598573622634053726100183318528
31	6	56943612401675/9466855247323624473718227432250540032
31	2	5406925590667539/929051186526563539038426045066940252160
33	32	207122341845195676911/7036018500824244609032196757866671308275712
33	24	15006736808343995/27881886439584395350030256896440507826176
33	20	2929733987165577/6239842749744229102586523963640250368000
33	16	68867488486331305875/170321150297274543061551495961389582140833792
33	12	59296812549715/164356964760061433753504330805132918784
33	8	25218481285097763/75563953104380897542835623762817028456448
33	4	26172531569475/82046078810138078772224637746171346944
33	0	669812463136684624689/2131020449607170383304780125132744872794521600
35	34	60242631893540726631/35180092504121223045160983789333356541378560
35	26	138616445294387951/4468439168870235991623270118403228754247680
35	22	3001347361668799/111527545758337581400121027585762031304704
35	18	131838029422450965/5725080682261329178539546082735784273641472
35	14	13895928787908627941/681284601189098172246205983845558328563335168
35	10	118734944815682845/6347372060767995393598192396076630390341632
35	6	2674838398079061/151127906208761795085671247525634056912896
35	2	648453082740069645/37638802746308463912915597015331597753253888
37	36	526266814796655996371677/5262697107538245428613160315866605210892553420800
37	28	207122341845195676911/115278127117504423674383511680887542714789265408
37	24	138616445294387951/89368783377404719832465402368064575084953600
37	20	5627526303128998125/4263623722644073511872360137251958615424630784
37	16	665049615086585979/572508068226132917853954608273578427364147200
37	12	27824975185836016092203/26310821992436577641764334406981836615785396568064
37	8	4197937034038905/4231581373845330262398794930717753593561088
37	4	331360227890379331911/346651146145409455095709280724398374384524328960
37	0	15694370575980625/16619731082785555494014679201574991215722496
39	38	60856812334766773603275/10385055625542137645796636356643434282827972083712
39	30	60242631893540726631/576390635587522118371917558404437713573946327040
39	26	207122341845195676911/2305562542350088473487670233617750854295785308160
39	22	3465411132359698775/45553453457723522258425742519060399943747371008
39	18	3406529255494086865/51163484671728882142468321647023503385095569408
39	14	443894738753409511719/7369978149141898499093651094392671320948290355200
39	10	983766775528128371247/17540547994957718427842889604654557743856931045376
39	6	104008479410760992631/1941246418414292948535971972056630896553336242176
39	2	1603968073889966775/30613347971282912917543157258778038257334616064
41	40	6204651951860745142123677535/18011460680620263706121496962832758031683062787582459904
41	32	526266814796655996371677/86224029409906613102398018615158459775263595246387200
41	28	60242631893540726631/11527812711750442367438351168088754271478926540800
41	24	233012634575845136524875/52884071371409389369470784750630521995495005084450816
41	20	31465933081826064877/8199621622390234006516633653430871989874526781440
41	16	620107014145589802845/179627685613201286790471638971035659884586959110144
41	12	612071235396670850109/191619431877689360976434928454209454344655549235200
41	8	121869486831087858053908197/40233807368914216221048906459572438370549274154641653760
41	4	2517294870461823875/857173743195921561691208403245785071205369249792
41	0	27703474520556507001641/9529812770068485659579514682028568197355236642258944
43	42	19996178120908123507385454175/984626517207241082601308500634857439065340765721174474752
43	34	60856812334766773603275/170148751368882383188732090067246027289853494619537408
43	30	526266814796655996371677/1724480588198132262047960372303169195505271904927744000
43	26	13554592176046663491975/52884071371409389369470784750630521995495005084450816
43	22	47016771598859418658797/211536285485637557477883139002522087981980020337803264
43	18	5727896150959672148681/28787700141694627277736112666673872860450910025809920
43	14	7308070941232639635/39917263469600285953438141993563479974352657580032
43	10	75823670017538072748861759/439528988063768748633307381491127477997597112613732352000
43	6	589916198763255529167925/3553115455956060653287435895131072479477078756513808384
43	2	43478305734251658659805/266834757561917598468226411096799909525946625983250432
45	44	100494317364450453274139023868955/83720144452326807018953299668876772220269128875487801739575296
45	36	6204651951860745142123677535/295099771791282400561094606239051907591095300711751023067136
45	32	12171362466953354720655/680595005475529532754928360268984109159413978478149632
45	28	7894002221949839945575155/527405945864713047652683944476548983184289664619608276992
45	24	13675077439833744945237/1057681427428187787389415695012610439909900101689016320
45	20	2852896860141123884206147/247557892956906124408402667815522992106911475229612048384
45	16	292518504056238864233/27721489025335567008190330716056322013767542987816960
45	12	181065447113738523122877/18312124451206070381711654515831233565194230370154840064
45	8	863597170384917044247/91330698818445454261466468881273242181318880543113216
45	4	10188936206234313782006828907/1106070628977297857125765644410722338571296708587722494705664
45	0	68235595073765031717025/7471373211733692757110339510710397466726505527531012096
47	46	1439435091962204239541104081967/20240034922540546751834863656211966910394734453414633387589632
47	38	19996178120908123507385454175/16132120857923437897339838474401504281646543105575722594336768
47	34	1240930390372149028424735507/1180399087165129602244378424956207630364381202847004092268544
47	30	68463913876612620303684375/78056079987977531052597223782529249511274870363702024994816
47	26	119462566958840911176370679/158221783759413914295805183342964694955286899385882483097600
47	22	9127582047840631807860457/13615684112629836842462146729853764565880131137628662661120
47	18	3933761662842976839383217/6436505216879559234618469363203597794779698355969913257984
47	14	36237328668467545152165283/63586442666753710180706652983261349182299439403735030169600
47	10	8506794539899783356625/15696106672462346041467132442141057341595054602989862912
47	6	28684440836301942355493349/54674771575743838711110511340124683073222773533748022476800
47	2	15990690379025525002243697735/30969977611364339999521438043500225479996307840456229851758592
49	48	30840541570868607540085446854194625/7303362244008439410633809053466697290211745119663356068919639015424
49	40	100494317364450453274139023868955/1371670846706922406198530861774877036056889407495992143701201649664
49	36	3999235624181624701477090835/64528483431693751589359353897606017126586172422302890377347072
49	32	2326744481947779428296379075625/45125870169598127940734424267125846903743383797372401778031591424
49	28	13814496399992057607943425/312224319951910124210388895130116998045099481454808099979264
49	24	239209844264486813246778435257/6110434876340702847867255720600529110776062747483132421524684800
49	20	12585709927302847985568627/354007786928375757904015814976197878712883409578345229189120
49	16	487316228898983617678729364667/14763798206269657789998460286541884477753880900989548234633379840
49	12	204299725588505480650805/6540319817151810190015541449706881630179370910098460246016
49	8	48975988492542738765457605/1628711740903612824441517486902914195403058039230777455017984
49	4	9003570202512897175187829/306178720824165496782218863504698225210047531788988925870080
49	0	3747342988969856773736235515324689/128375264635702116677696287948891046648857655437482822082476831145984
51	50	5449129744994923628553712331489451/21688772724631123098245857189082919225477303688697239234973473439744
51	42	1439435091962204239541104081967/331612732170904317982062406143376865859907329284745353422268530688
51	38	20098863472890090654827804773791/5486683386827689624794123447099508144227557629983968574804806598656
51	34	22495700386021638945808635946875/7400642707814092982280445579808638892213914942769073891597180993536
51	30	1408455993072389147262074800445/541510442035177535288813091205510162844920605568468821336379097088
51	26	9220638778485741346802073925/4019308274215217873263794873995014703977143496122238215047348224
51	22	36648694715624326931327214603/17652367420539808227172072081734861875575292381617938106626867200
51	18	1559123613848321662573800458577/812008901344831178449915315759803646276463449554425152904835891200
51	14	1526335403867670689742518025/843645611786837587999912016373821970157364622913688470550478848
51	10	150796217199384650404897243/87007495632482474568849486800339889912321258411538900886487040
51	6	230591256674600214418958075/136811786235903477253087468899844792413856875295385306221510656
51	2	10549721392373274975434329529823/6345786684908656286589040432471134288129394732450955120241069260800
53	52	90468576724862079050470081991859497805/6040930489446057454308222111160887326033742441805464649638691610225016832
53	44	30840541570868607540085446854194625/119658287005834271303824327531998368402829232040564425833179365628706816
53	40	1439435091962204239541104081967/6632254643418086359641248122867537317198146585694907068445370613760
53	36	113056107035006759933406401852574375/629256744268494067688388429900948390045170129467601387907213659186659328
53	32	4539132433446144036176498097725/29602570831256371929121782319234555568855659771076295566388723974144
53	28	2820268702850734957646038510436435/20912823836860250597119510832018970768977779546708226754970197084340224
53	24	12714022662542470040875403175/104502015129595664704858666723870382303405730899178193591231053824
53	20	4540057388728751252876361537000153/40490294294537390519158212058200156775719582653259961711456442908672000
53	16	1509405347637536595955789485/14341975400376238995998504278354973492675198589532703999358140416
53	12	2027893517487138653323619926707/20201808028215030291847739311469637232469767511887658932960143343616
53	8	425991882504749738819211427/4385177779877116718270014134737130451580991423941560604678946816
53	4	4912543193659105333138085250455/51555059030847979140235457080466312814898514031310635714064303521792
53	0	8583341235553109297758413742929/90654095498695089808414863321016204116134210463585073146300989440000
55	54	163601495202261891449049707171149531481/182953894823223454330477583938015444731307628237536929389057517338243366912
55	46	5449129744994923628553712331489451/355348852320356320841660124185934548590220143635615567625805388836765696
55	42	6168108314173721508017089370838925/478633148023337085215297310127993473611316928162257703332717462514827264
55	38	1619364478457479769483742092212875/152128004108866697682907092943086423966964207124035500373172532990181376
55	34	22812210041730252893229558418252785/2517026977073976270753553719603793560180680517870405551628854636746637312
55	30	9089082799255699367170491726158675/1143234369748360365975866592150370402037451948553383062605037440610598912
55	26	432085757275630430952350779859865/60414824417596279502789697959165915554824696468268210625469458243649536
55	22	315003811063056056258152263905385/47940508444732270374683323076908985622451985861459794666364428403867648
55	18	155127576126995912170009281347/25240702936854477206747976347968928899149869705928287820128691683328
55	14	10027000985426774002901715067899/1717153682398277574807057841474919164759930238510451009301612184207360
55	10	3182610696878092589903096466735/565650624790020848171736700721149842509153490332854450122884013621248
55	6	45376905289732313909006673885659/8262376565733268235895629832106311711650840801333730828911884432834560
55	2	266459071902145926056807507031/49100056219855218228795673409967916966570013363152986394346955735040
57	56	238296236515778363412465173798478332948073/4455767937921705923412971903735796690710160269119169670569392162806428724101120
57	48	90468576724862079050470081991859497805/98974605139084205331385911069259977949736836166540732819680323341926675775488
57	44	5449129744994923628553712331489451/7106977046407126416833202483718690971804402872712311352516107776735313920
57	40	11565203089075727827532042570322984375/18297826160166827876390672634653105167178238619024337159940900113633503084544
57	36	326751765875420362375830626606509/608512016435466790731628371772345695867856828496142001492690131960725504
57	32	15226262503051557827226808682806224885/32402047851155735672877747540133863613571640403762569295482764146644711636992
57	28	4177541544485762438792446929878475/9908031204485789838457510465303210150991250220795986542576991151958523904
57	24	10705397014029864550582246844545192023/27715421531221128414463779518163282092606939154210978160855364908190711939072
57	20	7623969528804735680882862748125/21168536196375288217392636163829941703420357393371857385147929425084416
57	16	1717524455493690629046616749739683/5036749911173750856763985926421369032429331948702982234137680260418764800
57	12	3147309295940763764528229878379/9616060621430354418919523912259547322655609335658525652089028231561216
57	8	67802711787455686858145408033422299/213155256240873136258251884406152337452409328069110208148706628620922126336
57	4	4102114252111578743136358694573/13114883437671854342691475923978272558175937779894810839542673702912000
57	0	225202149634906513720654252560025/724009788995497105914529481834022916422254789047708676176482470486605824
59	58	198084858015519599024947104390725129607425/61838309816722110032757418768368100159768832952297346036771738189904871684046848
59	50	163601495202261891449049707171149531481/2997516612783693075750544735240445046477744181043805051110318364069779323486208
59	46	18093715344972415810094016398371899561/395898420556336821325543644277039911798947344666162931278721293367706703101952
59	42	6130270963119289082122926372925632375/163016996699668102898753265290545846034860671333125912879473473739643936571392
59	38	7000802936587173911599396435902179875/219573913922001934516688071615837262006138863428292045919290801363602037014528
59	34	654282266135592277245252990521362147/23500386353585478619889355358778406576876134798333292016503982787676384264192
59	30	20994971300828895346673302449630471735/842453244130049127494821436043480453952862650497826801682551867812762502561792
59	26	103503158859723694843038961913656061445/4545329131120265059972059840978778263187538021290600418380279844943276758007808
59	22	777301268387350144800227822195763625/36713935015383832445133837803281230823972828489993763278016197670590293737472
59	18	10129227393799608260849778609384975/506898511060526286224727543635046579423687967317468132043616141408544489472
59	14	1617307316306446796655494389177529/84617398507719014393634963563878999744812776738210101533513028375035248640
59	10	3687785562946409872803785322622772673/199300164585216382401465511919752435518002721744618044619040697760562188124160
59	6	55164851309563342118848167159353877/3045075089155330517975026920087890535034418972415860116410094694584601804800
59	2	416036102368218684840488678240849/23206419026224091447470971286153681900060692975266030725867253922439102464
61	60	48256155336315072718553921904378500861280067/251161231992408941158929224356956446336308827673680434161855551897902032111823486976
61	52	238296236515778363412465173798478332948073/73003301894909229849198131670807292980595265849248475882608921195420528215672750080
61	48	163601495202261891449049707171149531481/59950332255673861515010894704808900929554883620876101022206367281395586469724160
61	44	101777148815469838931778842240841935030625/45404798056765157364183949474845153404397673065072894262493987693755546365356670976
61	40	1236952452113847663681692699248105377/652067986798672411595013061162183384139442685332503651517893894958575746285568
61	36	14018290606164187739877979098552479042125/8479819084859759281357626646905568865955936540535822646519628296775817182622777344
61	32	23132497008266755624016064730176903/15666924235723652413259570239185604384584089865555528011002655191784256176128
61	28	520173366719331014914238156304024168366297/386477110651148297336504323427818745211783646641179040925474034462840423575227203584
61	24	2505064705784178147556341335135955625/2007028447507649507000649799912707285043847957452992392531552139325602724315136
61	20	26480119357692791304697467267334920885/22542211271299655828087540774773637141182338496294079947521361479416323627810816
61	16	15896982349726207184168622073234875/14193158309694736014292371221781304223863263084889107697221251959439245705216
61	12	1895041767777618643084391771815055543723/1753759893295342439759023782433700817751050855609725393959222982974170554852966400
61	8	176494886134811226840553500690381087/167479129903543178488626480604833979426893043482872306402555208202153099264000
61	4	1036076823732901884215272508988999815/997810205214418704130056821174399970520078408881229042945259829521482319396864
61	0	19214518906052047523572655693978401/18595669982855883804618186201667884575180213186759227252701523208901859737600
63	62	23560263693523775142875113098691206921/2041760406818167879887954868063669497324511928334185772993831696385458015567872
63	54	198084858015519599024947104390725129607425/1013158868037175050776697549100942953017652559090439717466468158503401417671423557632
63	50	238296236515778363412465173798478332948073/1460066037898184596983962633416145859611905316984969517652178423908410564313455001600
63	46	184051682102544627880180920567543222916125/1375116741147744765886713898381024645961758098542207654806960770153739404207944892416
63	42	20536366916543691944456708612152106001735/181619192227060629456735797899380613617590692260291577049975950775022185461426683904
63	38	825617627806579193682144318955848848997/8394164346628852621949973852492381301653351322954652720797207808929596807040729088
63	34	165208036496439920037231571806096883875/1884404241079946506968361477090126414656874786785738365893250732616848262805061632
63	30	2865664514849778206889907097260877217453/35936164134933484959438271831834371913183601970016647930517450372707055446555361280
63	26	12589644182971798213653637467560252602125/170652230677130417005729181773322562820787584231169966122936586645929537682567856128
63	22	256018155787386633093995062951204607775/3696922648493143555806356687062876491153903513392229111393503282624277074960973824
63	18	124675053787092478003914098049486891275/1893545746789171089559353425080985519859316433688702715591794364270971184736108544
63	14	3725382953581667358292613771769964379325/58832798553747754379116051154709216766155252702854254549352067002173508213467512832
63	10	513940591209045082303678900332477387543/8351237587120678284566779916350956275005004074332025685520109442734145499299840000
63	6	60269688097887701595914138407028723/997810205214418704130056821174399970520078408881229042945259829521482319396864
63	2	9570187589210028961633371971629099787/159912214467258155477685422130318311064928355528596970303595588468048087503339520
65	64	2681760287037138884651035416887950517923333656131/3864875863247435569178842025993701048680340412750337245111903937043151637957816452860870656
65	56	48256155336315072718553921904378500861280067/4115025624963628091947896411864374416774083832605580233307841362295226894120116010614784
65	52	39616971603103919804989420878145025921485/4052635472148700203106790196403771812070610236361758869865872634013605670685694230528
65	48	53616653216050131767804664104657624913316425/6698082150178679802355868260049237453886807879774887361619721563248311631999261088940032
65	44	37137539410913449358934283527850943646187/5500466964590979063546855593524098583847032394168830619227843080614957616831779569664
65	40	13707225777698511424559907179553935997260835/2338009807137841063086482317186997979186904637279913513018204696605542739471440191422464
65	36	87570449148854189208196609165983202659/16788328693257705243899947704984762603306702645909305441594415617859193614081458176
65	32	4093209717798014913193498946673608838660525/864474214403907619964749764338049672976670622187531046830260560089444374258347633803264
65	28	13871412455145396454056370443830323325/3173583326201918152262081148785373104021409005144327349708034578368934766708785152
65	24	1286664363719445587536307235510877810327515/314339389354248463267547167865729115478460898348084531208317560216161428180074812669952
65	20	401799263214571780625288038499486628875/103513834157808019562577987237760541752309298374982415119018091913479758098907267072
65	16	29217011750869260170568511335183086930184685/7849034939394626120229132968681297289615885233737593438940757592646544748351249803378688
65	12	7131770857908941070392116003213378587/1977573060630176617785413484191906445921184964801823682331161916039445654234202112
65	8	1579509516123785945804147072811778205923/447796396235078813501483308852889675813504683921710247085110275631929512270820802560
65	4	2783539829420312984764250480983741027/799561072336290777388427110651591555324641777642984851517977942340240437516697600
65	0	42899664491438096124127669571043498501921/12376389085985262659007746535874619651523256607450897616011796383280075555854652276736
67	66	366072443144504415735992012965769354901005249807/8763381317828487627789234826381066331310074191701346079032805438644355458160165212882206720
67	58	23560263693523775142875113098691206921/33452202505308862544084252558355161044164803433827299704730938513579344127064014848
67	54	48256155336315072718553921904378500861280067/82300512499272561838957928237287488335481676652111604666156827245904537882402320212295680
67	50	74281821755819849634355164146521923602784375/154929552343263376297970518015051927194251382262619133755725733549917469053200299970265088
67	46	54093245689081688494629594452254581579212571/133961643003573596047117365200984749077736157595497747232394431264966232639985221778800640
67	42	74363587230731322401142502947281479188905221/212424891048523845160428964818704387823267335615717856325654026720160740329119423106383872
67	38	18900423643628010968987058119493310702927185/60788254985583867640248540246861947458859520569277751338473322111744111226257444976984064
67	34	10848268070050908552998002599747927867931809/38508396823446793980247944047785849068960782261080928449711606767620703944235485505781760
67	30	297201224882190880677354156962010732321875/1145147660638942561511746441071182683683381863157508659437488014663939300965603359064064
67	26	239584769653970654144139854836365602526243/987923795113352313126576813292291505789448537665408526654712332107935917137377982676992
67	22	2019313012223445503595488675640213750451575/8801502901918956971491320700240415233396905153746366873832891686052519989042094754758656
67	18	94159765231608216259674326359925848609074925/429080576686906227905859268954577585165668392777655107995428081731344446243201655918034944
67	14	1211865313459977372683875335341019613347513/5716383989475077846665474991196463012045182523170236117996069955428856119247408820387840
67	10	304420721900875799562255942710619527875/1472752592062036986627100660227281600453304293786958145968807128745012618135143972864
67	6	72949235143512461392258804851986426463827/358826322772582891345267546172907648118979411195159921677410734026111938122276143104000
67	2	12477594996708230120815115304434849516841/61881945429926313295038732679373098257616283037254488080058981916400377779273261383680
69	68	178046723179523511509931294968508036104644907323275/70722071525366436580421742918917284544093431141445137854696580072898313324730265815789038731264
69	60	2681760287037138884651035416887950517923333656131/63322126143445984365426147753880797981578697322501525423913434104514996436300864763672504827904
69	56	23560263693523775142875113098691206921/669044050106177250881685051167103220883296068676545994094618770271586882541280296960
69	52	18096058251118152269457720714141937822980025125/629258745167771438145760458245201830814648168791825047730146280211886642710463820033851129856
69	48	44965262769522948978662992696694604420885475/1859154628119160515575646216180623126331016587151429605068708802599009628638403599643181056
69	44	36105136547372804361288444187844713312183349831/1724507367762574840999691430427305386984708661892213285515075284306948165093478329275897610240
69	40	2629164121013149813527778282544234359108929/141616594032349230106952643212469591882178223743811904217102684480107160219412948737589248
69	36	468278658649058207495730165796421582187344473887/27886733551146570447699298335328412120646722780197306982027313465406834513268055398081393328128
69	32	52511660050879570886612185896281689506225/3400741537655041546307610643181087969726406745134419655299206831426243984685731187523584
69	28	1711070333429172603371857668444234178766931375/118826628722086754542786873373231628233300680157826605216084089670941882877796154421068955648
69	24	376008426544337433813545896740827399218015/27661866263173864767544150772184162162104559054631438746331945299022205679846583514955776
69	20	473216495318838688158715020798268231078747351905/36483567356895168328291190983242957685545648191862060139802158638223975337617817156877352435712
69	16	2343339306169649277148256598876436282837359/187497394854782553370627579711243986795081986759983744670271094538066480711315009308721152
69	12	7162429140688619804830378459844003287204025/589451131155270684585947049162143811121772331564049186723936007935466718824997143370006528
69	8	562383666519535489908622493421600942635/47205596240304238150310752740969183930319069206118816362894923231879614970752772603904
69	4	36333871705365088569348260669474567321083249/3085702851072777834426696597187800823030215769120279447359045442620924576847518174596300800
69	0	3629174697460650354221442470255472610161/309409727149631566475193663396865491288081415186272440400294909582001888896366306918400
71	70	988215345644175749295590579294109195233940423654897/6506430580333712165398800348540390178056595665012952682632085366706644825875184455052591563276288
71	62	366072443144504415735992012965769354901005249807/143579239511301941293698823395427390772184255556834854158873484306749119826496146847862074900480
71	58	2681760287037138884651035416887950517923333656131/1266442522868919687308522955077615959631573946450030508478268682090299928726017295273450096558080
71	54	26505296655214247035734502236027607786125/15346264803715451309823739029650546839332691904875141394144727504981551276978870939549696
71	50	10954147261343521507111740272293919695510575209/7551104942013257257749125498942421969775778025501900572761755362542639712525565840406213558272
71	46	90037689447232294060398481776864591136888566925/71799489363888768162665413642486419068545957157738410530836351837057980995370210787591284850688
71	42	49784134844166868349041986714456697884512566941/44837191561826945865991977191109940061602425209197545423391957391980652292430436561173337866240
71	38	325702077151943088647825818071181784726599737579/324834478727641370050123694895034251075665122494605993417021453553090599824880645296332713492480
71	34	11333647718361473528069574293958530881929100875/12313622606999784353529560303911246910415436032814395290765307244465355499365115370581394456576
71	30	906972813195447895027815036053768963396621679/1058637237705863813199373962779699960623951514133364301016021889795664047456729375751341604864
71	26	8056148953566029989587074008578156420656820625/9981436812655287381594097363351456771597257133257434838151063532359118161734876971369792274432
71	22	88115804108914084370156102072088753616270354361/114662640264527671888915171661620724154572037174423617582235355720132493918227425350185964797952
71	18	58884323419926861224210827818730762965746992407/79711995905821376179459745005404781497830827982219627196206397024691038552778424040236232212480
71	14	23082875556402676670553318842899448669917625/32223328503154797424031772020863861674656887458834688874241835100472180629099843837560356864
71	10	172013359571164480285727865990211258622676157/245614979229277789992996988853510134350056397315398811120705335517110000680921178108439035904
71	6	12604805488010484533656220821706500191483525/18267360878350844779806043855351780872338877353192054328365549020315873494937307593610100736
71	2	10567899333860373106180725956359522042676729/15428514255363889172133482985939004115151078845601397236795227213104622884237590872981504000
73	72	72301187669230027532860254764618985747671096290117535/7882885766732511149917168668429016378605533982689985378048699756601170868485060852470775941949292544
73	64	178046723179523511509931294968508036104644907323275/1158710419871603696933629835983540789970426775821437138611348767914365965512380675125887610573029376
73	60	366072443144504415735992012965769354901005249807/2871584790226038825873976467908547815443685111136697083177469686134982396529922936957241498009600
73	56	1005660107638927081744138281332981444221250121049125/9683050670852710739869325378129441278548396851364073263757045240771487881715298104021429644936871936
73	52	5348179858429896957432650673402903971067/61385059214861805239294956118602187357330767619500565576578910019926205107915483758198784
73	48	21934401102723989468564218216338108159987102934247/291619357943442273432981084411728369374472104043154541891160271098332435617901623861722021212717056
73	44	13794431427342769356498291402665707300731469575/207420747051234219136588972744960766198021654011244297089082794195945278431069497830819267346432
73	40	6167281836216901943502366232182079922312394265597791/102845756516856175349577757601880336115701178847848961790359536187429541002285238166556955464066662400
73	36	1576579472670417182376431057613758062039480475/28686681238285211900530404224496531263824971856666503314749946547545663361158290753442369503232
73	32	15057916287147025774617623215056521024752406754345/294860112543738836162795231105104270632667967328537692033390544921006715810027919569269674519560192
73	28	1423418612546432974125954865607117313810288795/29641842655764186769582470957831598897470642395734200428448612914278593328788422521037564936192
73	24	1887920570261347409241153593972011435142562397916375/41374572766851689800389535873891017739699913600436322534231557303285463366351648747627437185946353664
73	20	4217161911240477624240887803813651103008849959/96355159886157707469676614841698087524850451407078670237172567832044112536325567521164676300800
73	16	38669019780064146424181803530191667192601055775/913287650993690508618369553964022335706615584378102358029822104092683899055050139493168131866624
73	12	554359826118739631411975128208609019356529085/13426952197867185852950502057325220677803083053241801674598558341602013370557024403261333962752
73	8	428374014201253948763711226328128656425002964795/10560747547976051356495504137706091959951834448430079810662495045966750288748579051512264134754304
73	4	733234908739528705459308545182162724263305/18267360878350844779806043855351780872338877353192054328365549020315873494937307593610100736
73	0	276956760356217822763696805809105437388727792329/6923995211422853692331653943574935885054792337303911920279190942412559523533464086245445468160000
75	74	26042502613566112225982264763085848945986815763637321/46975564160936597056649250024107607807200324958070933273269802631174324359135464671866664796922314752
75	66	988215345644175749295590579294109195233940423654897/106601358628187540117893944910485752677279263375572216752244086648121668827139022111581660172718702592
75	62	35609344635904702301986258993701607220928981464655/4634841679486414787734519343934163159881707103285748554445395071657463862049522700503550442292117504
75	58	9151811078612610393399800324144233872525131245175/1463716961873084181608153836228869030478246035671313400335367303837550493747661341305564946327666688
75	54	608759585157430526815785039633564767568596739941737/116196608050232528878431904537553295342580762216368879165084542889257854580583577248257155739242463232
75	50	3569701939839330092405865594330733295026087/790218636567089570531906726537068615306255733104062137890954105673655742097782867488401260544
75	46	3360510401465645349047376567499014421478682585813/842455922947722123250834243856104178192919411680224232130018560950738147340604691156085839058960384
75	42	341772119367295434757773815993952056573769534886665/95154682551247800497348464424696241414874829820966343778210910002978288370809994268884000533710372864
75	38	5970615864765711258887399351871476970088801426755/1816496478739277902278256497903341001524072769260708935518038561232521763157245765019707265339359232
75	34	27230423074963004253645019705312160166710747268549/8930049122753233323787512713468872196303658439092855815868399360464774821675131278383595856878108672
75	30	23632150818033727232125201536233653277147759893725/8256083151224687412558266470942919577714703085199055376934935257788188042680781747939550886547685376
75	26	333571448865745198058689950990864128552394300992733/122869943368226230316308318655797567833048228267962412374384624718847739694013987189923904370386141184
75	22	1204727770970221506309766799513079392119958112315/463580647247637980956745499987574428456021440901247311307916608440173259006741162438402657545617408
75	18	1963747597979203070981334009381288185455658015/782817986566020435958602474826304859177099072324087735454133232079443342047185833851286970171392
75	14	10674455973445369645642951038222004973867245181/4374167170548728225487980495301370134173790430442490241090200603812328148105766457572542105255936
75	10	4141655240356154889300675507937664124234296053425/1731962597868072422465262678583799081432100849542533088948649187538547047354766964448011318099705856
75	6	24918970904232389769340127261485918406255395639/10560747547976051356495504137706091959951834448430079810662495045966750288748579051512264134754304
75	2	427025610481274077917501614754968854659259229/182178007340547972704903961537616090842330536163729593635790268351477121685858255069213498540032
77	76	322657325603371122042128590527969662843280097349321381921/9620595540159815077201766404937238078914626551412927134365655578864501628750943164798292950409690061209600
77	68	72301187669230027532860254764618985747671096290117535/129153200402145462680242891463541004347073068772392720433949896812153583509259237006881193032897209040896
77	64	988215345644175749295590579294109195233940423654897/2132027172563750802357878898209715053545585267511444335044881732962433376542780442231633203454374051840
77	60	200302563576963950448672706839571540617725520738684375/531560722536937939175696554517121304480513224261635930212233469978251215410735659475351193125598372298752
77	56	83098444593802502372070186943229643562528191706189/263469053137155152689467690521196425486084286420836412060366114690759088874579041435001690338980003840
77	52	1218970002630148145768166289427665916367390003391440871/4487446604838237275268538192152001092818844704932042473996042140930058767985234562712120921989121505755136
77	48	4922139610059906531524040003239270876314557/20545684550744328833829574889963783997962649060705615585164806747515049294542354554698432774144
77	44	416301595362671760654085107909068219798323663633009863/1932391697820567097427833555187377519771790829735631134690551374366365132843985416386183454199880970403840
77	40	24815511422460401522978127762500140438727063024375/126049060002951631827656407419727488627496527814786585264643023640308901478215836563976208499200753664
77	36	39662885290099595987352122875341219166467085243648917/217487726094470097641389282604353246311706829530685249535008973829784267224537683718297997258108142878720
77	32	42735890721857362498370500981044340835706622335145/250041375437090533066050355977128421496502436294599962844315182093013695006903675794740683992587042816
77	28	5538083258643750746593871333169773395992190690690974315/34222719586465315477540723378561984973403256923019034793812600753691223241494327824035125236474911131697152
77	24	15964500614386521452830199142230692953382165828227/103252053250610277576729679542687031792477502746186901154945062788947680415137804361280591907887513600
77	20	42074171852801551400107050674792907406715061820625/282470032729535975702305224984164359183516932188158361719917981050223917686355474580649182938208927744
77	16	625483936300317157897699544637219304962386143/4326099399443797146087013676671684748083968557580484853825473124649555311313395397599217466736640
77	12	717745460505492781076081093991363632872317495972345/5078073148778014310030279418252679078005496810933628716367262279951306778824025615695827258120939241472
77	8	240924479563108199471399308602365088705890526885/1731962597868072422465262678583799081432100849542533088948649187538547047354766964448011318099705856
77	4	653060483925521780092099473664053908803470391035239/4739443101321954957288611916046576727098523436084322147794496559341961701758249264495020409469701980160
77	0	3703551607549021322110931227346379327090725625/26962345086401099960325786307567181444664919352231979858096959716018614009507021750243597783924736
79	78	10536688317087028862898226188232185074733848348293174405/5188914755853938970671404331953245828369437288374972312470766492858531201055347410175079294543548962045952
79	70	26042502613566112225982264763085848945986815763637321/769647643212785206176141312394979046313170124113034170749252446309160130300075453183863436032775204896768
79	66	14460237533846005506572050952923797149534219258023507/516612801608581850720971565854164017388292275089570881735799587248614334037036948027524772131588836163584
79	62	1111742263849697717957539401705872844638182976611759125/48903586473398290404164083015575160012207216632070505579525479237999111817787680671732309767555050251485184
79	58	40416606161751837112754403957851324195754393962383425/2126242890147751756702786218068485217922052897046543720848933879913004861642942637901404772502393489195008
79	54	166394934379346181633053545565473768346057827252523587/10175024278412282193922848226391165268600868807694747470107304854434435578571171392196088137068356902584320
79	50	186755104628979314788213455396659986117663032479306709/12963734636199352128553554777328003157032218036470344924877455073797947551957344292279460441301906572181504
79	46	609756949828826816195563417637422480372239875007/47126869395115311705884925699603329183166805909484112804627627125180119469849471183385077160020541440
79	42	355611459817336895300000318903009336390366686915925/30115195290710136583290912548374714593846090853022822878294307132982313758607564930693768117400742395904
79	38	10989986128260439910889235608563185526389472501681775/1006117132889200799523644333439268930763722028785430893501084991977784610116991719462039430794030713143296
79	34	12449521822007630224852624590800871021608640739934757/1217931266129032546791779982584378179345558245371837397396050253446791896457411028822468784645405600120832
79	30	10014954744167428610705161104156883930493238664932580223/1036459507475806697319804765179305830623070066811433625184038765683219903885256785527920935733240165702828032
79	26	3118221929427354075411945600013730738988547277683041/338336328091599757563427813925476865777590280998705237704523981746823759184323557331044243563765804564480
79	22	27257885305885815858798481134536858686294373898915/3075784800832725068758434672049789688887184372715502160950218015880215992584759612100402214216052768768
79	18	2680254698123890771213272917312725592435032231325/312203720385276604723600511824602712781781872418490820848330400108142224811234998220717517984336183296
79	14	934605539753499506377181788865951038600011891423/111606003269846468352313833368190748967153776064475356403676094064863885248879683861446752925734928384
79	10	41752014954339631272372951201442378271614507742349/5078073148778014310030279418252679078005496810933628716367262279951306778824025615695827258120939241472
79	6	420932998711876005979513499653287576902059470056059/51817911241120040866355490282109238882943856234521922149219829048805447939223525291812223143535408316416
79	2	125865113145644577516606109119693113633068706642375/15587501755458874081749212523886519013568477078677326174968566461835785152449353136561400457811464290304
81	80	311842077799583355020455388426365497646479079126602854614347/2534414780918099604355827470718126940569201502674003080390249818603977298358178922828819408974459995976871444480
81	72	322657325603371122042128590527969662843280097349321381921/157623837329978410224873740778491708684937241418349398169446901004115994685455452812055231699512361962858086400
81	68	26042502613566112225982264763085848945986815763637321/15392952864255704123522826247899580926263402482260683414985048926183202606001509063677268720655504097935360
81	64	81338836127883780974467786610196358966129983326382226875/59249288990885035295486786944682362826228464445472705284515383062369080742039693495380761066227660441929121792
81	60	224324883461227895090099061499762787318104476169661619/195614345893593161616656332062300640048828866528282022318101916951996447271150722686929239070220201005940736
81	56	26976511866914598815078560248760203746347133606542913925/27371428473856315185714495954655334279627432951236878253305589969531527727481263855224483837105097442620080128
81	52	8497639622713381002479582596974404035317034863769891/9798171527359975445999779773561862851245281074076423489732960230196123149735202081374010798658417758044160
81	48	23135309435512717324826328589007190015121462916256996028359/29735695959128625938391001806043880521474220443334218374886911350074780176777678043858935181840661219007046615040
81	44	173621369281160255602036208635854741200195775/244814905948650969900700912725212099652814576153164222361701959091844776466750499653948452779327488
81	40	157488795774150990162462575014342816754081137851506493/240377944441459043021336613145098850107843915338015196685166785468432367789730782888852493330112346278854656
81	36	51743615395080072553740212057268722661473914763196625/84513839162692867159986124008898590184152650417976195054091139326133907249827304434811312186698579904036864
81	32	14587434066299065015807943046612560212385976623247449470959/25242551118286457596995201891848001894352997259597812657455162500877381615921151204727570638052361570760335032320
81	28	28194638873245455730840619008951394800193504160060561/51233786825299391859604783251572211103463671122661078852399345807376169247911852967272414025370250405478400
81	24	26620355300695697812952235294372202704499576752694725/50393658176843367526538193666863754262727628762570787405008371972181458822508701484652989877715808563494912
81	20	2894019138693911865129594510939240303955200222241/5665919369955019863502379659039086269002708055002240822803033187147766302129820338079688289345360363520
81	16	142016612061904795713663645713652909587320007039125/285614352626029095837956716168435017417932032203248743662547163861805009209547226002558253300580947591168
81	12	2990184771714621171013056080362712364475633233213/6138330179841555759377260835250491193193457683546144602202185173567513688688382612379571410915421061120
81	8	121578906447249695253114505575660776054556986157980661/253214805776979523995109863443723155694910616631459134879447207114371944282508630353444798512771425967800320
81	4	1216903659316674975494547888206308470222087142423125/2556350287895255349406870853917389118225230240903081492694844899741068765001693914396069675081080143609856
81	0	38497705843729354452523778401354751408866866072663676225/81103178962382443277115390690683715039027725565717231526953248462932144464796319796840724697005811108941922304
83	82	2959809286610730530425684178310252411313676192946508560869/396691009187180807638303430199358999393440235201148308234995623781492098873454092268858690100350260239858139136
83	74	10536688317087028862898226188232185074733848348293174405/85015179359910936095480288574721979652004860532735546367521038218994175198090811968308499161801506194160877568
83	70	322657325603371122042128590527969662843280097349321381921/3152476746599568204497474815569834173698744828366987963388938020082319893709109056241104633990247239257161728000
83	66	4185402205751696607747149694067368580605023962013140875/50439627945593091271959597049117346779179917253871807414223008321317118299345744899857674143843955828114587648
83	62	16412369600915216249959277831568509764721338857856680445/236997155963540141181947147778729451304913857781890821138061532249476322968158773981523044264910641767716487168
83	58	149728130474816429753522345834307895903610171369506845759/2518171419594780997085733627828290753725723831513792799304114277196900550928276274680652513013668964721047371776
83	54	37196987266496513454120316350935793378874100103256643175/711657140320264194828576894821038691270313256732158834585945339207819720914512860235836579764732533508122083328
83	50	1052691558463785791558462202754745500416802372503632758241/22474653922597217279016454853405258533672375916473537143809874857614659435936617126172451009530732316691372441600
83	46	19762550163953051738337210461921748966189535707206653525/463413443518887676961937690483800735399598240675338468180055761299866704053678099384814574262451863153356570624
83	42	230673840343567384603736984679268094011257247077/5862300074014711717400660871362125059501735869090416135716028696727300887307197195405810581261040746496
83	38	741496811958384055574206016715854657185434001867057795/20191747333082559613792275504188303409058888888393276521554009979348318894337385762663609439729437087423791104
83	34	12125872603289215530992856909086144138381408372051223418775/350322709432914663693950801907734008899020727185374860880855994360002617904436150632566980333317991886378214883328
83	30	41067328419642512294253503130000565117829530658329063713/1247778107676048324122353034693425699177113062758171658796597256593049017099414295834284262879503785010397184000
83	26	144419092938346883976838633916231004927424531513518035/4578623800067483106696898738875049673013538841856431541369332082043915401587933449177043080318179178054680576
83	22	565266284266079938931871830238359051142660331922603/18566084591468609088724597666739277886268073754631342728160979147645800618818995283819522586526876839182336
83	18	828053201615306323154151601491464658738067174468647/27990206557350851392119758184506631706957339155918376878929622058456890902535628148250708823456932863934464
83	14	4271069869543167352755593210350513190767295017918525/147662620307657042548223622259080904005070860649079600473536883716553189761335915843322616956400349904633856
83	10	26121617963913132102072275749704999435758791931215471/918251493476958713388859944356358696476049488883313346266127234590579578167338989193810807793566709553561600
83	6	210888407329615693371714327809177918772284822646856125/7495158250998593910255251957934205408569354252291190392431637330585409550762255458461966035978034208646889472
83	2	124069325607647715590459555112667724904463855117219458625/4433640449943573565815641357757376422133515664259208656806777582640290564075532148893959616769651007288825085952
85	84	333061390591432396547355447765327102775851349843763431892299699/735612267334622644424611312134630983486122308441076298476554503049525304744420586402505551760195694217585955522478080
85	76	311842077799583355020455388426365497646479079126602854614347/41523851770562143917765877280245791794285797419810866469113853028007564056300403471627377196637552574085061746360320
85	72	2107337663417405772579645237646437014946769669658634881/340060717439643744381921154298887918608019442130942185470084152875976700792363247873233996647206024776643510272
85	68	2074225664593100070270826653394090689706800625817066026635/413201432130298603699893019026369304815041882143717846337314884168229833108240342219634066586369686143914702012416
85	64	844521156182786782185424871602926815819858168335095981/201758511782372365087838388196469387116719669015487229656892033285268473197382979599430696575375823312458350592
85	60	32863854144359485944813833060964678400732167778806314476435/9152694736365655372366123448844372135423598951046462431882714626027775892274310046152716242056983321845343467864064
85	56	206454985365944265015586897054387410740689131488710116549/65472456909464305924229074323535559596868819619358612781906971207119414324135183141696965338355393082747231666176
85	52	921596025114150566908622087486315016247439273187584118953385/326474136436201839905999307652941141697638747152391329683971596252265712608974603658910502640230579211918021970886656
85	48	539535547323430940922713237728411252747886380658708885/210152608107402551180413603824049170704468969608583723942118310356916296024342393907067074374832821662568677376
85	44	8752193273934195283679129990530989730650954489504277925949/3698942341375786109937009110175518813511623946904363174117400981271879628335737887848595838707800389543263769460736
85	40	362023461999672264437097894158440720366590480585/164144402072411928087218504398139501666048604334531651800048803508364424844601521471362696275309140901888
85	36	173766286118603569980711044170595489510136359890344742913333/83697861841221838148230278390737154252667271393501166959872647573915642761500403268876585996313355601808902542327808
85	32	455165443820341520991086495104704318815338105755673419/230893201142141811628901500680661729378164921526033851297318170611305070294569880133509296644137743869750018048
85	28	1274883744674216596389335753219897658075983527954886407/675821372435185974956053954393953277861746129594376345709866097587455044501051366047897962413811240119350329344
85	24	45999711378873039157755330274697604074191728057406867/25302921000372932958061808820098958719285346231311858518093677295505848271933316429662606496495200720828497920
85	20	808686007278718944335806173181681205399823958564649505/458591544235636349208490118094956653886789044730566686784382927805757700547143731580939613363518388042702258176
85	16	11319652323030090788879384487251859768179661691423089/6577698540977450077148143173359058451134974701640818566548461183737369362095872614838916573512379223024599040
85	12	22386694591868799553820138618122677059426999155376545705/13253580467878359831472698878856107518852356677834327910607042006709258264881116664882683360127025214675115573248
85	8	3020670043435228139961258404492809868633780949642825/1812016280461198527754016956863214494379404324729738336631824409592077034250215605342453327379304973519028224
85	4	7167037498692536533709274631060957434478255799839408246275/4333109453962451109789806553637446184179724873882299893890169524000700495669018853937984332680805111599178195140608
85	0	399847139443084733218102042665461361043526158371024930625/242372344596915354931255060890736577743298856312836739905437174517669217502795757472869792383407588398455771365376
87	86	13404331232525650627827521734156365087724659802177347281092693/487540294139905846207344729290008838957663908128588579886995187206313067471935671299906213642234963029199268767334400
87	78	2959809286610730530425684178310252411313676192946508560869/6499385494522770352345963400386297846062124813535613882122168300035966547942671847732980778604138663769835751604224
87	74	311842077799583355020455388426365497646479079126602854614347/830477035411242878355317545604915835885715948396217329382277060560151281126008069432547543932751051481701234927206400
87	70	11853774356722907470760504461761208209075579391829821205625/39000883561717861755673773344230857609316533779113497367193011325040015860474556172085460607474764569583690906075136
87	66	10463316130280749243366170007121301923632083156899421956581/41320143213029860369989301902636930481504188214371784633731488416822983310824034221963406658636968614391470201241600
87	62	3945795060157651405770068202559268288585931074673157174887/18180863013733138562795292837160249411861842814323585238841854903402112656762575057663898929800266190332246888546304
87	58	1161919017253271512467889680358454203495861724895575773815/6101796490910436914910748965896248090282399300697641621255143084018517261516206697435144161371322214563562311909376
87	54	25575739846225348712358116442689069743850949761256256190642199/150178102760652846356759681520352925180913823690100011654626934276042227800128317683098831214506066437482290106607861760
87	50	22305190497937723368044177077746400727987918367596703748125/144157410893907305932519174807792192437918407833523444276039406137364080892274500316921520646335580431236529181949952
87	46	30633694364270137717656786253973049328936835563874025127/215054787289289890112616808731134814739047903889788556634732615190225559786961505107476502250453511019957195898880
87	42	41207524499536438883042999403081202674569128059367171586435/310711156675566033234708765254743580334976411539966506625861682426837888780201982579282050451455232721634156634701824
87	38	84838493524113886075682012152526952348355391543517279/680403496539262448534589957942956751610024704354492545522275897960303812373449685930062023190990236027742846976
87	34	47125899459581264438681650430307153604187421217548432884553/398561246862961134039191801860653115488891768540481747427964988447217346483335253661317076172920740960994774011084800
87	30	15896295882123486645273386557111764146872742398709658625/140688379618246541221286362332097751930523498630342345359079951097771076220479736549449367132057748595280407691264
87	26	2030350804158087401994305897927420449700729744604093667/18674011606761717729048859266148708993548248317739346394614721117548099913844840377639285803539521108560995942400
87	22	1462410979917484266244120485789640004384962936907526621/13888772482564986576028557862304401517714182497554305371184168670688661787999210156451314004723699752150411247616
87	18	37586656314264914056109902096480940105132472072678962379/366414643844273443017583604357870366455544446739722782740721959316800402737167841533170751077451192046119104282624
87	14	32962024762209112534824766793624542744934286070450582521/327992647942444258455637497507045085062507816774687912939265180974118007565239755848106810427385977534889223782400
87	10	21573069548056599122139365201210874786463035358153878125/217947767693999695006439937118967101421127643146608947863315801888107802578045029600293015255422192419101900537856
87	6	23690169105888970068801058667463670687001215751591820985/241745751446763967241020483973010522532427592287600839388631604889303662480266478748864721857086337587105461436416
87	2	69293181729607636949714924409431341545558325148479253711625/710629950449841982005528274796541174205474879316697182597987801936114881289719092045829430559652038302265224003059712
89	88	665630017765789335611435759355446907020993970165028569907363338425/398434465737908283126945465909012740296020389682446309208282233861749076877314478644253850607201156397407592875862259662848
89	80	333061390591432396547355447765327102775851349843763431892299699/12052271388010457406252831738013794033436627901498594074239868977963422592932586887618650960039046254060928295280280862720
89	76	2959809286610730530425684178310252411313676192946508560869/129987709890455407046919268007725956921242496270712277642443366000719330958853436954659615572082773275396715032084480
89	72	70164467504906254879602462395932236970457792803485642288228075/3809830009489784929312586346813463495442439627586614922887783660860905205191184538683200508742374103693334049253257904128
89	68	2391828247978755551877897344728706011964583575062550589935/156003534246871447022695093376923430437266135116453989468772045300160063441898224688341842429899058278334763624300544
89	64	146660983437081913184151171667173858518447378729257890259753261/11170322235637640332981427919151257238647916225120410770744435652650258016314926115428699502469283547340132488322849177600
89	60	418517039886030112916579754423815869557594429914755245489/36361726027466277125590585674320498823723685628647170477683709806804225313525150115327797859600532380664493777092608
89	56	28787813919802244172739694617773920687991081225220113548636313/2799211343798144755589135909602835603913231243993644489034039400079662830755082854861767254317416808575463337713050058752
89	52	7282401576114758416191754572387029065907736493752274769175/780145988367027773281868475430404806134617265922597463140919139096323261299367884068045876438992552921985922631729152
89	48	2279595302501676205918405368960477959456529426068327135328075/265536244861714607737097568289742475367776619437541503605644751319153188907937768347079299947465567135634358510202912768
89	44	86538676981903961792605517262916408317834783177087791503/10838761279380210461675887160049194662848014356045343254390523805587368213262859857416815713422856955405842673303552
89	40	9656789317157160791190857733656730855093906897654129100524310069/1287944972516035893794919507713230861512688142247715244873203804634971928353031808492476149992950560826547267642647535157248
89	36	69025305289499793610209585858536346736045317995358417/9720049950560892121922713684899382165857495776492750650318227113718625891049281227572314617014146228967754956800
89	32	65833402046785899727785042528637569236757087804489288422515/9714090449161123467914556419035448892153723078000872156816199229169071246784575729567466245314743930437098412657606656
89	28	29366651213641579807463502546504796131886816484988534905/4509432799342744400198073403170922680299411087677815174930510011502241337803797871506034978074903626027672014946304
89	24	193645169942226556685023934206782588823021201724359185063/30750493020857397305628634056215583035976914329720235027227218851427437126294467459905179547755823883680045659586560
89	20	339854643196645944581872676203928825206189322416825847259/55485646067847121371234088659906084063268159077729449957880753839401203843056844575022999448871180509840892934225920
89	16	6438216323486146729192635833958649389877674651844550553843/1074766308777801346107432951831085334732825614007297353119384145015989887189777631963076396408458371186325008490168320
89	12	11435057457894882479132356368404299513413193158307639725/1941716475819270010057373985241706903570046275306152444600449871366778604786219354620792317730124987006544204791808
89	8	507572483963215800731652422680553497013397248136769351804375/87230916375520280215788934284067692176560308172671573043789828968720522657430849972867904327509594471667243866927398912
89	4	76348011916079578583685636540508986838041660877381226425/13215434412423096875842453123857908565106041711722179219911861067281933548921234171604604794854053121428431891857408
89	0	10099107822546887897074162825240052400659129181053479217012792025/1752265646779616760493375575767112855026466313620077379272657538111656585365139019413869843238545518829419171224952613371904
91	90	24175589962417153548834323324814969658278362315168618808786583423585/238007191702827788652984169499953305406660044304544707148079644919042109584136804836238690013562670441868359378252364060295168
91	82	13404331232525650627827521734156365087724659802177347281092693/7987860179188217384261136044687504817482365470778795292868529147188233297460194038577663404314377634270400819484006809600
91	78	333061390591432396547355447765327102775851349843763431892299699/241045427760209148125056634760275880668732558029971881484797379559268451858651737752373019200780925081218565905605617254400
91	74	52853737260905902329030074612683078773458503445473367158375/47327080863227141979038339711968490626614156864429999042084269079017455965107882468114292034066759052091106201903824896
91	70	70788151660505421589643373172784967965750750961738847997456769/76196600189795698586251726936269269908848792551732298457755673217218104103823690773664010174847482073866680985065158082560
91	66	4789356844337055186370622629825245636054598162081527787223105/6024767347737462786046757251877710355812682557548815099575708519752010130089856924192511473589884545533129522734130266112
91	62	5185276961006114207975029134410141388633042161379090395906889/7446881490425093555320951946100838159098610816746940513829623768433505344209950743619133001646189031560088325548566118400
91	58	7406583719078136425051321933722569306303523686260236551272877/11915010384680149688513523113761341054557777306795104822127398029493608550735921189790612802633902450496141320877705789440
91	54	696745272334305559576073260514750498910269059413761938674125/1236015398560219762208189882162291045883764445399791073079965449385825146047698922925975151257041188202152642626541584384
91	50	744263019200704989433811545338721822093207858544695503947553/1437019678075161406577233898979782807872673469897283431277606889491887845854722040466546799715696010381080057819921645568
91	46	3577635774133243762865469081784496357505840889044573408510375/7435014856128009016638731912112789310297745344251162100958053036936289289422257513718220398529035879797762038285681557504
91	42	101399657168093833829920422144212610813977927690629620130191661/224641564973727190778183635066261196775468862019950333408116942668890452619714850318455142440630911772072197844647825899520
91	38	2618948086121206381549386480233735631452099818538051147026067529/6133071297695409018071045274824908864346134010703405927967637164928437754062056230916553095204526480126415560203083500748800
91	34	117854225461297960189651043238521865352566443297596465/289551451618163011864694074569802686191653110549194957554206969147574484725366224786445095791199585118923085840384
91	30	20968955223491553206137744022644722496125660921334762261043/53683131429574629691106759157827480719796890694215346129773732582250130574335813242346523987265690141889228069949931520
91	26	1556028356515625567477330500392757272473416889695861515025/4125379185441634135923813619298208826774363776338467704348361151650630434647574295403627044024146529368832560313925632
91	22	495020429587453584640768096745334990764135720158403338318347/1351330415801578324595850323600393796516005500219555728271500132425978724515010372525533115226129680568319606510531379200
91	18	174641050255709459178010779387568939955674425990224654134409/488250980273344040088805255260407337778626493220457940417091654450121120180498981377511848654128231481787646714105036800
91	14	189849282618564855633310827203142179619512162869636958734875/540822406576989637361260261361402140437557848968472028089674101772046111233896104403820042672736252380958744272252698624
91	10	29893858097458176245630242960710479222242898610746914392735/86349796008090782435831470301400341750534446473957718770620234736713244650790134316576309334302426850741312110695809024
91	6	1635790351714483555089994004614140034154537813958195781084375/4768623428528441985129795074195700505651963513439379326393843983623388571939553131850112103237191164451142664725364473856
91	2	11127311304398205891654997935053824601715054414860415060510345/32586512450677572891677314173183840076569956804430855743024907724815253489461587850469261666312765354393255931486861787136
93	92	285303470491464214717108104442037468539865675066011248114089908240675/46169059904525224372291807131269630624021253330158093137416921430415862481370187919562979110536193354056853916842192646566838272
93	84	665630017765789335611435759355446907020993970165028569907363338425/6527950286649889310751874513453264737009998064557200330068496119590896875557920418107455088348383746415126001678127262316101632
93	80	13404331232525650627827521734156365087724659802177347281092693/159757203583764347685222720893750096349647309415575905857370582943764665949203880771553268086287552685408016389680136192000
93	76	1189504966397972844811983742019025367056611963727726542472498925/17552392392992296368359679572943822350562285470058041361097423407551352512231778094821686873713754117914155483544188591538176
93	72	95982386865805118629518615496632471052600642256979634759609/1703774911076177111245380229630865662558109647119479965515033686844628414743883768852114513226403325875279823268537696256
93	68	47248336628366805924784270903569533221909415701761729379753299909/980889719471838570143473659668728064289454627774528696946468460707136828143394346142344469267979472091467765275170217876520960
93	64	2201293313140870808950108720566903409258171395380365117169385/52214650347058010812405229516273489750376582165423064196322807171184087794112093343001766104445666061287122530362462306304
93	60	91764932507305512227057040404825117097265329601711921346507023077/2440194126782494656207569533698322647973432792431637467571691116440291031190716659669117501979423221861609742515754145677312000
93	56	250963935181359939646463056124726110648458143547227023034475/7365642783256819807444723379416101742817535062382428435496936963686958013182205826416015187082776060306705543815309033472
93	52	12034070511528015739224259148131220215469311151456600545832674515/384766649510202171096360677557592553419432336795173361885500924532009824664064483911164360685711893722577309039071889052401664
93	48	1168059084844908147422166743743884644366206820792360322080565/40236550986104519384162549171433918620434857157123936075772992905772859683932217133063310392039488290670241618957806075904
93	44	838402096314177960019853452988626821737061887080366435206610703025/30819266700908728831338072862958152835159319709213393085110475462162533420627249577504108721403430135215452908523969479450820608
93	40	119166097605021435107983447465630832909708143700159648528477071/4635460864537227746216487707716500885843008263903737038580190880469168069930623895460185478933653734979267574572097994752000
93	36	40244470810635389493240100016549564777235125437939329730888783345/1644287565950862240306698276444694111820042793967784408207992555984886759023590115610965914920870284824583150627828873975300096
93	32	1088613334464897662346957130269748683388460344063402957/46404430009331914269894392477107851550188616927489402408029485318650752946775797603932911404431722983532673493893120
93	28	222213208424000401290631298746002006747234509079389264723903/9822223009562237160826527039350564905552707858572014377375786693128058653780013739156868236128584698259995584785266245632
93	24	795543545674215162874246359473461903933014798772345751522345/36257957660846522420634397900011957378519883230238792653517746161857390890117530482302478089928223846622669372599092379648
93	20	84792022561994094507309281284627333978639812826562368797058099/3963718228323565598241659383966290632604287437574946479897744429352190484838299478368499793326198486061878236099228205056000
93	16	343319499696941331317659080254789855566670621380397048868975/16379192884903114731512453629802464824680323425902295707858701367953396511655139161944264149517155072109036255102510301184
93	12	6452023346643437665714754683045085174901672346772580299596095525/312660867773039622853734480881409647032207157997480441418663065629714465879238568902055761721439622496482590334382469845876736
93	8	289023259906782902356975982283256998259378367123464853730525/14161366545326888319476361129429656047087649221729065878381718496820972122729582027918514730825598003521575186154112679936
93	4	79469209546523004261664838116494674930471016244549036424052958125/3919477833692668006465722551863721580410855471910238009329109781355560851193324865363650541088480025258103991179495305572777984
93	0	2071973383972239376134706903524154612104495343747349854589089/102414753416415229088128701687149211669219864242496975192363995706562225252593561815760536665554405399521661498958708473856
95	94	595955247180191588480285484791296358332582589502058318032210382674505/1584314745493788047042762173055386201680986003313499912635317565876890853170868961924254743060485308839480382804151605417216049152
95	86	24175589962417153548834323324814969658278362315168618808786583423585/3899509828859130489290492633087234955782718165885660481914136902353585923426497410436934697182210792519571200053286732763876032512
95	82	133126003553157867122287151871089381404198794033005713981472667685/26111801146599557243007498053813058948039992258228801320273984478363587502231681672429820353393534985660504006712509049264406528
95	78	603194905463654278252238478037036428947609691097980627649171185/146577873316918124058582587310899288401186804978028555927760939333235856067058357423423209682241174739072596669597083676704768
95	74	10800705094893593430892812377532750332874036630647757005650290239/3159430630738613346304742323129888023101211384610447444997536213359243452201720057067903637268475741224547987037953946476871680
95	70	1345354672945328066030220912093320441290929690418098947765956129/460591694360689415545631109757489699753309129563691735957472146766829467128202562536405229047572969503819646303123406655062016
95	66	5011470105204273521600652183374692359369959213376345275189656323/1961779438943677140286947319337456128578909255549057393892936921414273656286788692284688938535958944182935530550340435753041920
95	62	54539448395817995661791983326269262294270769411937138581636536327/23953575276013556576212523851049495969964757821552161546191480435395042643724511045288746203946658196947590035048840307941572608
95	58	124374148445063091218517233255617839528334148706609141212796779/60339345680439867862587173924176705477161247231036853743590907606523560043988630129999996412582101486032531814935011602202624
95	54	4334608086689604995792371855339853685208192777169962262384721909/2292895135856714978778312609118714808132127394779400442256454489047895281671567944939999863678119856469236208967530440883699712
95	50	18886475649092944964588647287559432587854000814229134924759386575/10773466186285660790698098971612591495744105430264854132794025886896275090593805549512602099199933024232164653094012893467246592
95	46	273729146055972590115039026306209316363659768453438341465149515731/166786619793153120734300159023067650637332789014566597872362573089350180864570997713551647198183268967048333387306187771145617408
95	42	20865181448100447056805094694777599283416077145822510138691636187/13467242591993730245626720914906083591834324578815936474165922050692871746828714101094232382462003084295828161707953049844056064
95	38	84516197031646904132666762274746566072792161657217124568667061/57358868579681240940931335224814910877443353277945967728185786836682096245008957521312764473983847145043598277714960720068608
95	34	371736078120745691135626772212944330536515843522570644412743677581/263518717806335553775468223777583872131159489875363343315438806998630535854043784317652168996528948278466089140091522171304673280
95	30	4879856990692983867399387074395173767776919442758163101031/3591465999155766336813172040638931235618590368295554657622523079814703546617785098091876789936227021749055847351206281216
95	26	33414687385323562404038954365316864893246784183665832183636371/25390446479718383060736572396721210280853749814408657165516408601736031620021335515720504390392391445002088586669913244958720
95	22	245283499499471416145676128323779923319390568711091285570350357/191433114239716080155495961315647786754215832793793554304960559827620992417658281450581889844497152064926579770034794688151552
95	18	2703066047664850168881662614216169280400737349114443818765655/2156262716208019685443462704877662104136732366040770885064372969567591623752034916232463887569451976417661760437980143550464
95	14	2692547311761407365071123455758309242809729806589513030429641855/2185190240699485715768957470775566324313008269081291876288678129016465937353799228809972136866325273711680521457881877164589056
95	10	62380199121909827804492139488405411849956474069458274537149675375/51276382314778498148012454864551182113281973911586792392660742763273172404195125299937144922316098089423144814838725054723784704
95	6	42123582611814371079358502070962323542029003453751102381214530285/34918984336534678603058255462058610443660348749745756810386614415713178492449621527785250275151912952299471921417321813284749312
95	2	44392957792227436892739617361510841107658707978791325663770827375/36955076717673726918105384060429374901016637306582244087960177938495288025537063016285847958834240238147837631120955738257620992
97	96	2832284430334365223985349722180576457062704402455726993421722222875687299819/123626504648650717135650739151478008761646710867794803380133436791461295500522158642373982993603046564924051234847228658762726934029795328
97	88	285303470491464214717108104442037468539865675066011248114089908240675/756433877475741276115628968038721628143964214561310197963438840715933490894769158874119849747024991912867494573542484321351078248448
97	84	4835117992483430709766864664962993931655672463033723761757316684717/15598039315436521957161970532348939823130872663542641927656547609414343693705989641747738788728843170078284800213146931055504130048
97	80	106976252855216143223266461324982538628374030919379591592254822246875/427815749985887145869434848113673157804687233158820680831368961693509017636563872521090176669999677205061697645977748263148036554752
97	76	3042783189783322692516847433653494874913497775094257832808041311/14657787331691812405858258731089928840118680497802855592776093933323585606705835742342320968224117473907259666959708367670476800
97	72	151390057540820272959031492582699546622838248409334074095757797483159/854107838991353777586638820665641408613089080870049920490853949774684437894404193347508797684610657979679404623892318074771582484480
97	68	68706052970094887802771406831115889223824365466867303223452097/443532742717700918673570698284990081243927309950221671662750956145835783160491356516538368712477674337011511254859576778948608
97	64	620823253217418651857108983053227693092906643552112459229283811423873/4499851205871448877304588283203483369489158894008205887815862992863204341844384430814928099656241187809050202555148877912897434419200
97	60	1320006546220167205087352089372746390239820397952584961240705875/10576903368629362644041893648515361856867555401724331072344290062382226621904329552465160661482939983067767028463124291818356736
97	56	53704249301349998716849524329800188512302333042555371041878978275309/469584923823455227653798422347512792705459690450821210574121879357008953686337115123711972081278946604899575596550234292981701017600
97	52	971829701574633562272792480362974700472193720678528059803991135/9171580543426859915113250436474859232528509579117601769025817956191581126686271779759999454712479425876944835870121763534798848
97	48	4425956630541135916310231152442198221433113188612810096860274358920905/44657654909014379397883806348377876863766670112473220638259421993119868484325094261173261616702800775262005776101953733381544145321984
97	44	2895208084772319833598208717436086179513874393334180653411845880569/30974657961585579564941458104283992261218946531276653890581620716593605017706042432516734479662607093880404771928292014641328947200
97	40	6228205860939835558549272289270101543282190192022743642193170125/70135824102741664445120214707508351420411180514723554733863466903544822218703640124706898714004277982550174380617642329512083456
97	36	50743660788923139850999923244679700315678948182482019445925875457/597513371770179453328096553914289012390419773554602929610587992613173889436494627231885732027013312956987062585091242132609433600
97	32	3939379226372881991818749516518401937291416627075367022456376243201/48215138434748279853121841802825156903173947376573335503153306524312036449816414897695934163508018082693158811611948927846656770048
97	28	1419332293003705015988399647526605362177296198280716213151/17957329995778831684065860203194656178092951841477773288112615399073517733088925490459383949681135108745279236756031406080
97	24	875710798730178873458282532454126410883274283382074333636197360771/11394702492518903151403393102311504122702171186275695937821179490192659978231766238540251681620827526260693835848691779191491788800
97	20	108601919194679262501755964369358635049971569361253393274273125/1446383529811188161174858374384894388809630736664217965859702007586469720488973682071063167713978482268334158262485115421589504
97	16	91863635229493258328552356763983912180298385472909460079608136169/1246581065794427435428215165758393875828789586006765939240141089021238432485382142383644859783237370265980237129274152566701162496
97	12	8677465885706431225304735999695665793221866755654057427919483775/119457066491571885795369675069064292395777785376443955903781071052900137908674357841611810148692448296238535173030875951664201728
97	8	9091577860898425347819207805338903285353974341664242443769614430143775/126436893300722302505383927105371388445473785015399419987483718219736882328885106403582612452287656140114875099270809530137470532845568
97	4	7843668575600750430248914005325534473374596955063195569099830117/109745379343394704181040231452184204251503953213486664261215073877955703833413096230182215150477440707226911753025868556037783552
97	0	951139004384474718796795809176323413529775264969836757503957378890625/13334775016801996920492304381409988662687172205103388990055983551657636327271475292414105540110715401402128074564961976088506027474944
99	98	429263956566588617665122122008156797018167670282819842572526028321436705875/307481306433823578516874915325470944868711050107079382765972906891583222142324343290007085907166551712759819737953363587179090066689490944
99	90	595955247180191588480285484791296358332582589502058318032210382674505/25957412790170223362748615443339447528341274678288382568617042999326979738351517072166989710302991300026046591863219903155667749306368
99	86	57060694098292842943421620888407493707973135013202249622817981648135/3025735509902965104462515872154886512575856858245240791853755362863733963579076635496479398988099967651469978294169937285404312993792
99	82	431706963614592027657755773657410172469256469913725335871188989706875/28395364016012441749571302800222781118019579746609182815858319559182734119742103810043883590503707388729179796299133257601486629634048
99	78	21585430576119168454827988196240921127680804461065926481281639688925/1711262999943548583477739392454692631218748932635282723325475846774036070546255490084360706679998708820246790583910993052592146219008
99	74	6092818122763441762023349556565168343339454591141493610495153768913/566075370871462542650014033189703857560331944436290395646959732794137834082061258748836240180833574489456135618174245897509430886400
99	70	7731354059798920221053762008976538036735837383923280544515952912887/822474215325007341379726271752099134220011707504492516028229729412659088342759593593897360733328781758209797045229639627557820170240
99	66	1215905410850180526991978953631214029844172863136136826197628580221/145336809133736237030955646414025549822010100924488637370450233309867469426029807703339292659704684326751932007992386118925879869440
99	62	601026070044031059907457204239734847117231503532034968815709332765/79477891428378837313431689157879706266302027218846233862721735977843609154654062674133795006915428771692315265909123038461565075456
99	58	1753764415958301768301630395434210109728310696088498852524685535745/253272900849295851818435794246787544968880194333475181961268316866102893730179244028014973328999483459158738837881287657375936806912
99	54	2408124726758395938831757264411669727048987867307504974919060958427/375667939058764182123038737878010234164367752360656968459297503485607162949069692098969577665023157283919660477240187434385360814080
99	50	227743714145399006379453302386462917089409281954954221102529734833849/38017595432746935230851520273254635697434016538898485208080907352743444890445852840415721259700343517132669640296706968359798514384896
99	46	42364649365395987906934909594838266010716386940369818324918167218539/7505488220002416705526690142584517119960784892852642124077213780356280417533629287592144809529882483237311895143185501408662881566720
99	42	34568502568878405187878758636992745452244076967728568847048816535/6452495817452233128951059753090768330677828607354567035515438955126123644120734891473034681688393574394616043016823094315111677952
99	38	49858997703958496926277555580837496960228717810883398195674387595/9741496831954486972140644558584975757813952914650287418035036271497620307113626646794816089803015241892100536339471479346441486336
99	34	537743132688524838681268615109098094452829426813975643205617142597/109325023195068774085566966878498902280452555098044190966452264793498222182723266337798920487023994489827511258887558615466256629760
99	30	53852099266231492217702699820621016890029863409923021636717209374887/11330557532165845765483632823663911872245877633494733843241027033213328565706857500958544528424384249432892320728807998043964340961280
99	26	4132994976586684975078970178427646913052767617091200010258839/895430548937340281818324076079995099023097591650175157768286797777801565988044646369480794096100010152947210915250317348044800
99	22	912306862162000801999386036956680198964020396874430812644462075/202572488755891611580504766263315628848038598867123483339043190936758399613009177574048918784370267133523445970643409407848742912
99	18	33217502727568979665783585171794836605035534510257270183020320045875/7525664093377732098438197051994978541155612678096150617190090021425086905541751358011037220461829362442255995037998897051808252821504
99	14	888166633907093151787363845487376014033098419762498002559904155835/204439294790286099410227287184376595635921492105109614035383138599483102927602671350917757004450928723620758889200961020938990649344
99	10	1264693890781132670699355214054405080350147049417863502693486476236335/294556278898386023419136181827898179675169696958952494915896134753672736854105962170983668570164649469278610121378149674605975307288576
99	6	130223644057641576790374541373012744146694844311386547722024176582435/30567161017757040166136773585913962041762893080646013623347712097079246277312882866800192021432180605302497276746789117176091777171456
99	2	56018037475190865596264161019138707584916867623004861661551096133625/13200080319662582810184301306850291807508513900001334555812993818812609697703076552086690332634849589266753043508750238956298895884288